,확인용,적요,적요일련번호,금융회사,입출금구분,데이터셋출처,출처번호,적요구조,적요구조일련번호,적요 설명,거래코드,분류,분류번호,최소금액,최대금액,단어,단어일련번호,단어의미,개체명,완료여부
55690,42126,경남-급여 경남,13966,,출금,우리은행,F020,직접입력,,,타행자동이체-전자금융부,급여지급,EI03,0,0,,,,,
55712,42185,경남급여,14022,,출금,우리은행,F020,직접입력,,,전자뱅킹예약건별이체,급여지급,EI03,1724000,1724000,,,,,
55726,42205,경남월급여권기원,14039,,출금,우리은행,F020,실명,,,전자뱅킹예약건별이체,급여지급,EI03,290000,290000,,,,,
55728,42206,경남월급여김혜경,14040,,출금,우리은행,F020,실명,,,전자뱅킹예약건별이체,급여지급,EI03,93000,93000,,,,,
55730,42207,경남월급여송향임,14041,,출금,우리은행,F020,실명,,,전자뱅킹예약건별이체,급여지급,EI03,2222000,2222000,,,,,